"Поисковый запрос";Частота
"торт черный принц";3600
"акция дарим подарки";0
"детский крым";720
"красивые кондитерские изделия";20
"крымский десерт официальный сайт";0
"рецепт торта черный принц";320
"симферополь торты на заказ";10
"торты на заказ саки";10
"торты на заказ севастополь";30
"торты на заказ ялта";20
"франшиза выпечка";30
"франшиза кондитерские изделия";10
"франшиза кондитерских изделий";10
"франшиза кондитерского магазина";30
"чай из смородины";70
"черный принц торт";1600
"чай из черной смородины";40
"чай с черной смородиной";90
"торт черный";480
"торт принц";110
"торт ночь";110
"торт черный принц рецепт";480
"торт чизкейк";1000
"торт телефон";170
"торты симферополь";20
"свадебные торты севастополь";10
"чай черная смородина";20
"московский торт";40
"шварцвальдский торт";170
"симферополь кондитерские изделия";0
"кондитерские фабрики крыма";10
"кондитерская фабрика симферополь";10
"симферопольская кондитерская фабрика официальный сайт";10
"миссия кондитерской фабрики";20
"торты на заказ в симферополе";10
"рынок симферополь";50
"рынок феодосия";70
"ул шевченко 17";10
"улица шевченко 17";0
"заказать сайт севастополь";10
"миссия и ценности компании";40
"франшиза кондитерской";90
"медовые пирожные";260
"торт шоколадный принц";140
"торт наполеон описание";30
"торт наполеон калорийность";210
"торт ай петри рецепт";10
"печеные изделия";10
"1000 подарков интернет магазин";0
"торт марика купить";20
"торт черный принц купить";30
"купить торт в симферополе";10
"торты на заказ евпатория";10
"торт на заказ симферополь цены";0
"свадебный торт симферополь";10
"торты на заказ в керчи";10
"кирова 22";320
"улица кирова 22";0
"медовое пирожное";260
"лермонтова 5";140
"симферополь лермонтова";10
"ул лермонтова 5";0
"евпатория фрунзе";10
"евпатория ул фрунзе";10
"фрунзе 81";0
"фрунзе 44";30
"евпатория улица фрунзе";20
"полезные торты";170
"евпатория медтехника магазины адреса";0
"франшиза в крыму";10
"магазин для кондитеров симферополь";20
"магазин для кондитеров на киевской";0
"мастерская тортов";10
"торт сом";10
"эксклюзивные пирожные";10
"бонус севастополь официальный сайт";0
"тренажерный зал балаклава";0
"балаклава в октябре";0
"метро севастополь";590
"сафари спорт юмашева";0
"сафари юмашева";0
"торты на заказ симферополь";40
"торты на заказ феодосия";10
"торты севастополь";20
"купить франшизу в крыму";10
"феодосия рынок";70
"сколько калорий в медовике";140
"сколько калорий в торте наполеон";90
"шварцвальдский торт купить";0
"купить торт онлайн";10
"торты на заказ керчь";20
"торты на заказ крым";0
"дамский каприз";1300
"рынок севастополь часы работы";0
"кондитерская фантазия";10
"автостанция восточная";90
"автостанция восточная симферополь";90
"автостанция симферополь";170
"торт парадиз";20
"настоящие французские круассаны";20
"торты новинки";30
"чай со смородиной";210
"цветочный торт";50
"фруктовый чизкейк";50
"медоборы севастополь";170
"ялта магазины";90
"спартак ялта";30
"ялта московская";0
"ялта киевская";10
"ялта пушкинская";10
"крымэнерго ялта";210
"ялта ул московская";10
"улица киевская дом 24";0
"чизкейк торт";140
"морковный чизкейк";110
"торты или торты";5400
"торты от";50
"торт таврический рецепт";10
"торт черный принц на сметане";50
"рецепт черного принца";40
"пирожное новинка";30
"морковный маффин";140
"торт южная ночь рецепт";10
корзиночка;880
"автовокзал в симферополе";30
"симферополь автовокзал";590
"симферополь автостанция";40
"симферопольский автовокзал";10
"шоколадный наполеон";170
"детские торты на заказ симферополь";10
"франшиза крым";10
"красивые пирожные купить";10
"смородиновый чай";110
"чай смородина";50
"сто симферополь";110
"симферополь магазины";50
"чизкейк магазин";70
"торт бархатное сердце";20
"пгт массандра";20
"рынки феодосии";20
"рынок в феодосии";40
"севастополь магазины";90
"город форос";40
"желейные пирожные";10
"торт фитнес фото";0
"купить дом 5 км севастополь";0
"купить дом в фруктовом севастополь";0
"торт для тренера по фитнесу";20
"торт московский купить";10
"сом бжу";20
"сладкие сердечки";10
"конфеты оптом симферополь";10
"акция кофе в подарок";20
"черный смородина";20
"ароматный мир франшиза отзывы";0
"производители крыма каталог";0
"чизкейк сайт";140
"наполеон калорийность на 100 грамм";0
"торт наполеон калорийность на 100 грамм";0
"ассорти симферополь официальный сайт";0
"пирог домашний";260
"торт на заказ севастополь медоборы";0
"торт на заказ севастополь медоборы";0
"торт на заказ севастополь медоборы";0
"наполеон торт калорийность";50
"наполеон калорийность";390
"наполеон калории";50
"наполеон калорийность на 100";0
"торт наполеон калории";50
"лимонный медовик";20
"магазин для кондитеров севастополь";20
"детский крым интернет магазин";20
"чизкейк фруктовый";40
"штрудель вишневый";480
"новинки кондитерских изделий";20
"сайт маффин";10
"новинки в кондитерском производстве";10
"победа севастополь";30
"шевченко севастополь";10
"севастополь октябрьской революции";10
"севастополь героев сталинграда";10
"5 км севастополь";40
"проспект победы севастополь";40
"севастополь рынок режим работы";0
"генерал остряков севастополь";0
"генерала острякова севастополь";10
"челюскинцев севастополь";10
"остряки севастополь";0
"новиков севастополь";0
"льва толстого севастополь";0
"детский крым интернет";0
"фантазия севастополь торты";0
"ул адмирала октябрьского севастополь";0
"севастополь 5 километр";20
"отдел кадров севастополь";0
"рынок 5 км севастополь";30
"детский крым симферополь";210
"адмирала октябрьского 15 севастополь";0
"ресторан легенда севастополь официальный сайт";0
"медоборы севастополь официальный";0
"медоборы севастополь официальный";0
"медоборы севастополь официальный";0
"медоборы севастополь официальный";0
"кондитерские севастополь";30
"цитрусовый торт";30
"торты на заказ в евпатории";10
"франшиза тортов";0
"магазин метро севастополь";30
"магазин метро в севастополе";10
"метро магазин севастополь";10
"торт московский рецепт с фото";0
"сделать сайт севастополь";0
"доставка сладостей севастополь";10
"торт на заказ керчь";20
"чай вместе";0
"конфеты оптом в симферополе";10
"заказать торт в севастополе";10
"заказать торт симферополь";10
"медоборы заказать торт";0
"ялта спартак";20
"балаклава режим работы";0
"балаклава набережная адрес";0
"кондитерский магазин симферополь";50
"кондитерский магазин севастополь";30
"бухта кондитерский магазин";30
"мбм феодосия официальный сайт кондитерская фабрика";0
"мульт праздник";0
"печенье песочное с шоколадом";30
"симферополь сто";10
"торт эстерхази купить в москве магазины";10
"торт графские развалины купить в москве";10
"тц московский севастополь магазины";10
"торт фирменный";20
"торт марика купить москва";10
"конструктор тортов онлайн";10
"торты ялта";10
"торт черный принц отзывы";10
"торт черный принц цена";0
"торт южная ночь";110
"симферополь проспект победы";20
"севастополь проспект победы";20
"проспект победы симферополь";30
"желейные цветы";10
"торт для фитнес тренера";30
"франшиза деловые линии купить";10
"кондитерские изделия крым";10
"кондитерский магазин киевская";10
"ялта улица киевская";10
"детский крым симферополь интернет";0
"детский крым интернет магазин в симферополе";0
"прага севастополь меню";10
"кафе молодость севастополь официальный сайт";0
"кафе платан симферополь официальный сайт";0
"платан симферополь кафе меню сайт";0
"кафе платан симферополь меню цены";0
шварцвальдский;10
"шварцвальдский пирог";10
медоборы;390
"симферополь киевская";10
"симферополь ул киевская";10
"рынок на киевской";70
"г симферополь ул киевская";0
"севастополь 5 км";30
"алушта горького";10
"алушта горького 21";10
"алушта улица горького";10
"пряники бжу";0
"форос ул космонавтов";0
"ялта улица морская";10
"гурзуф ул подвойского";10
"ялта улица игнатенко";10
"форос улица космонавтов";0
"гурзуф подвойского";10
"гурзуф улица подвойского 9";0
"магазины в гурзуфе крым";0
"форос космонавтов 20";0
"ялта улица московская 8";0
"карамельно банановый торт";70
"бисквит черный принц";20
"торт для принца";20
"калорийность торта наполеон";90
"чизкейк апельсиновый";50
"торты франшиза";0
"победы 17";170
"проспект кирова симферополь";20
"купить бизнес крым";10
"сколько калорий в эклере с заварным кремом";40
"севастополь центральный рынок на карте";0
"торт московский медоборы";10
"торт московский медоборы";10
"партенит магазины на карте";0
"рынок автовокзал";0
"симферополь ашан на карте";0
"метро севастополь каталог товаров";10
"пекарня каравай севастополь";10
"кондитерская евпатория";10
"кондитерская симферополь";20
"пекарня евпатория";0
"пекарня севастополь";10
"пекарня феодосия";0
"симферополь москольцо";50
"симферополь рынок";40
"куйбышевский рынок симферополь";40
"доставка тортов севастополь";10
"доставка тортов симферополь";10
"доставка тортов евпатория";0
"пироги севастополь доставка";0
"керчь ул ворошилова";0
"керчь улица орджоникидзе";0
"рандом стафф";880
"чизкейк ру интернет магазин";90
дакуаз;720
"советская 28";320
"медоборы симферополь официальный сайт";0
"медоборы симферополь официальный сайт";0
"медоборы симферополь официальный сайт";0
"медоборы симферополь официальный сайт";0
"авито щелкино крым";20
"пл 50";0
"автовокзал киевский";10
"сколько весит пирожное";0
"мраморное пирожное";40
"акции на мороженое";30
"медовик сайт";0
"севастополь торты на заказ";10
"торты на заказ в ялте";10
"торты и торты";50
"метро севастополь акции";30
"чай с смородиной";10
"натали евпатория";20
"центральный рынок севастополь время работы";0
"пирожное манго маракуйя калорийность";0
"торт ай петри медоборы рецепт с фото";0
"заказать торт в симферополе";10
"магазин для кондитеров крым";10
"магазин для кондитеров в ялте";10
"кондитерский магазин евпатория";10
"лаванда эклер";260
"меренговый рулет купить в спб";0
"черный чай со смородиной";10
"авторские чаи";110
"авторский чай";110
желейный;590
"ашан симферополь список магазинов";10
"метро в севастополе каталог товаров";10
"севастополь магазин метро";10
"победы 49";70
"симферополь пр победы";0
"вместе выгоднее";210
"пр кирова симферополь";0
"тц метро севастополь официальный сайт акции";0
"московская 43";0
"фадеева 48 севастополь";20
"саки ул советская";0
"улица кирова симферополь";10
"крымский медонос";0
"детский крым каталог товаров";0
"детский крым симферополь каталог товаров";0
"медоносы крыма";10
"100 грамм наполеона";0
"24 торт ру";20
"5 й километр балаклавского шоссе";0
"5 й км балаклавского шоссе";0
"5 км балаклавского шоссе";0
"5 км балаклавского шоссе севастополь";0
"5 км севастополь рынок время работы";0
"50 ти летие";10
"le cafe симферополь";10
"metro севастополь";50
"metro севастополь акции";10
"ul tort ru";0
"автовокзал г симферополь";10
"автовокзал джанкой телефон";10
"автовокзал евпатория режим работы";0
"автовокзал красноперекопск номер телефона";10
"автовокзал симферополь номер телефона";30
"автостанция 4 восточная симферополь";0
"автостанция армянск телефон";10
"автостанция восточная симферополь адрес";0
"автостанция восточная симферополь на карте";10
"автостанция восточная симферополь телефон";10
"автостанция северная севастополь официальный сайт расписание";0
"автостанция северная севастополь телефон";10
"автостанция симферополь номер телефона";0
"автостанция симферополь телефон";10
"адмирала октябрьского 20 севастополь";0
"адмирала октябрьского 8 севастополь";0
"адмирала октябрьского севастополь";0
"адрес магазина метро в севастополе";0
"ай ай сом";0
"ай петри до скольки работает";0
"ай петри севастополь";10
"ай петри со скольки работает";0
"ай петри спб";0
"ай петри торт";40
"ай петри феодосия официальный сайт";10
"ай петри ялтинская улица 88а";0
"акции ашан симферополь сегодня";0
"акции метро севастополь сегодня";10
"акция магазинчик симферополе";0
"александра невского 38";0
"али баба кондитерская симферополь";0
"алушта улица хромых";0
"античный 6";0
"армянск купить б у телефон";0
"ассорти вакансии симферополь";0
"ассорти севастополь официальный сайт";0
"ашан в севастополе адрес на карте";0
"ашан в ялте адрес";0
"ашан крым время работы";0
"ашан севастополь крым";0
"ашан симферополь адрес";20
"ашан симферополь время";0
"ашан симферополь время работы";30
"ашан симферополь график работы";10
"ашан симферополь карта";10
"ашан симферополь кафе";0
"ашан симферополь на карте";10
"ашан симферополь режим работы";20
"ашан симферополь часы работы";10
"балаклавское шоссе 10";0
"балаклавское шоссе 10 севастополь";0
"балаклавское шоссе севастополь";0
"бела куна 15 симферополь";0
"бела куна 31 симферополь";0
"бела куна 7";0
"бела куна 7 симферополь";0
"бела куна симферополь";10
"белая акация феодосия торты каталог";0
"белая акация феодосия торты каталог фото";0
"бжу медовик";0
"бонус севастополь официальный сайт цены";0
"бутик эклеров ялта";20
"вакансии на работу в севастополе";10
"вакансии севастополь сегодня";0
"вакуленчука 31 севастополь";0
"вещевой рынок 5 км севастополь график работы";0
"вкусная мастерская интернет магазин";0
"вкусы эклеров";10
"во сколько открывается меганом в симферополе";0
"водевиль торт";0
"ворошилова 4а";0
"время работы ашан симферополь";10
"время работы севастопольского рынка";0
"г симферополь ул севастопольская";0
"гагарина 15 симферополь";10
"гагарина симферополь на карте";0
"гайдара 2";0
"гайдара симферополь";0
"гакало вадим владимирович";10
"гакало севастополь";0
"гаспра магазины";0
"где купить вкусный торт в евпатории";0
"где купить крымские сладости в севастополе";0
"где купить торт в алуште";0
"где купить торт в алуште";0
"где купить торт в евпатории";0
"где рынок в феодосии";0
"героев сталинграда 3";10
"героев сталинграда 39";30
"горгаз евпатория официальный сайт личный кабинет";0
"график работы ашан симферополь";0
"график работы крымэнерго симферополь";0
"график работы метро севастополь";0
"громова 56";0
"громова севастополь";0
"грэс симферополь карта";10
"гурзуф подвойского 9";10
"гурзуф ул подвойского 9";10
"дамский каприз вк";0
"дамский каприз каталог";0
"дамский каприз чай";0
"десерты севастополь";0
"детский крым евпатория";40
"детский крым интернет магазин в симферополе каталог";0
"детский крым интернет магазин евпатория";0
"детский крым интернет магазин ялта";0
"детский крым каталог";10
"детский крым магазин";30
"детский крым меганом симферополь";0
"детский крым муссон";10
"детский крым севастополь";170
"детский крым севастополь адреса";10
"детский крым севастополь адреса магазинов";0
"детский крым севастополь интернет магазин";10
"детский крым севастополь каталог";10
"детский крым севастополь муссон";10
"детский крым симферополь адреса";20
"детский крым симферополь каталог";10
"детский крым симферополь лермонтова";10
"детский крым ялта";50
"детский мир севастополь адреса";0
"детский мир севастополь адреса магазинов";0
"детский мир симферополь лермонтова";10
"джанкой автостанция номер телефона";0
"джанкой крымск";0
"дмитрия ульянова евпатория";0
"до скольки работает меганом";0
"до скольки работает меганом в симферополе";0
"до скольки работает севастопольский рынок";20
"до скольки работает центральный рынок в симферополе";0
"долгоруковская 41 симферополь";0
"долгоруковская 7 симферополь";0
"евпатория пр победы";10
"жд вокзал бахчисарай";30
"желябова 15 симферополь";0
"желябова 5";40
"желябова симферополь";10
"заказ севастопольская";0
"заказать пироги в севастополе";0
"заказать свадебный каравай симферополь";0
"заказать торт в симферополе на день рождения";0
"заказать торт медоборы севастополь";0
"заказать торт медоборы севастополь";0
"заказать торт медоборы севастополь";0
"заказать торт медоборы севастополь";0
"заказать тортики на дом магазин чизкейк";10
"залесский рынок симферополь";10
"захарова онлайн севастополь";0
"золотая пчела 2019 севастополь";0
"игнатенко ялта";10
"имбирь севастополь проспект победы";10
"интернет магазин для кондитеров в крыму";10
"информ тм";0
"как выложить фото в вк с хештегом";0
"как выложить фото с хештегом";0
"как исправить засахаренный мед";0
"какие магазины есть в алуште";0
"какие магазины есть в ашане симферополь";0
"какие магазины есть в меганоме симферополь";0
"какие магазины есть в ялте";0
"калорийность наполеона";170
"капкейки на заказ симферополь";10
"капкейки севастополь";10
"капкейки симферополь";10
"каравай заказать севастополь";0
"картинки кондитерских изделий для детей";0
"картинки на телефон макаруны";0
"кафе 23 севастополь меню";0
"кафе медоборы";0
"кафе медоборы";0
"кафе медоборы";0
"кафе севастополь на карте";0
"кафе трава севастополь";0
"кафе эклер евпатория";10
"керчь ворошилова";0
"керчь сом ру";10
"керчь ул орджоникидзе";0
"керчь шлагбаумская";0
"киевская 100 симферополь";10
"киевская 100 симферополь на карте";0
"киевская 24 ялта";0
"киевская симферополь";10
"киевский рынок";110
"кирова 2 симферополь";0
"классический торт наполеон песочный";0
"кондитерская ежики севастополь";10
"кондитерская ежики севастополь официальный";0
"кондитерская ежики севастополь официальный сайт";0
"кондитерская зебра саратов официальный сайт торт";0
"кондитерская лисенок севастополь";30
"кондитерская лисенок севастополь адреса";10
"кондитерская лисенок севастополь цены";0
"кондитерская медоборы";0
"кондитерская медоборы";0
"кондитерская медоборы";0
"кондитерская медоборы";0
"кондитерская пчелка краснодар";0
"кондитерская фантазия севастополь";10
"кондитерская фантазия севастополь адреса";0
"кондитерские новинки 2019";10
"кондитерские отделы фото";0
"кондитерский купить в крыму";0
"кондитерский магазин в ялте";0
"кондитерский магазин керчь";0
"кореиз магазины";0
"корзина бахчисарай";0
"корзина крым официальный сайт";0
"корзина симферополь вакансии";10
"корзина симферополь официальный сайт";0
"корзина симферополь официальный сайт акции";0
"корзина ялта акции сегодня";0
"корзина ялта официальный сайт";0
"красивые кондитерские изделия фото";10
"красивый севастополь";0
"краснодар пирожное павлова купить";0
"красноперекопск автовокзал телефон";0
"крем для черного принца";10
"крым картинки с надписью";0
"крым цитрусовые в контакте";0
"крымская 29";0
"крымские производители сладостей";0
"крымские сладости названия";20
"крымские сладости оптом симферополь";0
"крымские сладости симферополь магазин";0
"крымский каштан";10
"крымский каштан";10
"крымский каштан торт";0
"крымский каштан торт";0
"крымский каштан торт рецепт";0
"крымский кондитер официальный сайт";0
"крымский рынок";10
"крымский рынок феодосия";20
"крымский рынок феодосия режим работы";0
"крымэнерго севастополь официальный сайт";0
"крымэнерго ялта адрес";0
"крымэнерго ялта режим работы";0
"крымэнерго ялта телефон";10
"куйбышевский рынок";10
"куйбышевский рынок симферополь карта";10
"купить ай 40 крым";0
"купить в магазине победа в симферополе";0
"купить торт в алуште";0
"купить торт в алуште";0
"купить торт в евпатории";0
"купить торт в севастополе";0
"купить торт в феодосии";0
"купить торт в ялте";10
"куплю дом в симферополе в районе москольца";0
"лавандовое пирожное";0
"лавандовый эклер";0
"лисенок севастополь кондитерская острякова";0
"листья из безе";0
"личный кабинет крымэнерго севастополь";0
"лучшие кондитерские севастополя";0
"лучшие кондитерские ялты";0
"льва толстого 22";90
"льва толстого 22 севастополь";0
"магазин базар симферополь кирова";0
"магазин бархат симферополь";10
"магазин детский крым";10
"магазин детский крым евпатория";10
"магазин детский крым севастополь";10
"магазин детский крым симферополь";10
"магазин детский крым ялта";0
"магазин для кондитеров евпатория";10
"магазин для кондитеров медовик";0
"магазин для кондитеров симферополь гагарина";0
"магазин инкерман в севастополе адреса";0
"магазин инкерман в симферополе";0
"магазин каштан симферополь официальный сайт";0
"магазин корзина алушта";0
"магазин корзина в саках";0
"магазин корзина симферополь адреса";0
"магазин корзина симферополь вакансии";10
"магазин корзинка севастополь";10
"магазин лидер севастополь адреса";0
"магазин лидер севастополь официальный сайт";0
"магазин массандра в алуште адрес";0
"магазин массандра в евпатории адрес";0
"магазин медоборы симферополь";0
"магазин медоборы симферополь";0
"магазин медоборы симферополь";0
"магазин меркурий севастополь официальный сайт";0
"магазин метро в севастополе адрес";0
"магазин метро в севастополе официальный сайт";0
"магазин модница симферополь москольцо";0
"магазин натали евпатория";0
"магазин океан севастополь";10
"магазин океан севастополь острякова";0
"магазин подарков севастополь официальный сайт";0
"магазин сева";0
"магазин сказка севастополь";10
"магазинчик евпатория акции";0
"магазинчик крым официальный сайт акции";0
"магазинчик севастополь адреса";0
"магазинчик севастополь официальный сайт";0
"магазинчик симферополь официальный сайт акции";0
"магазинчик феодосия акции";0
"магазинчик ялта официальный сайт";0
"магазины в гурзуфе";10
"магазины в форосе";0
"магазины в ялте на карте";0
"магазины для кондитеров в симферополе адреса";0
"магазины центральный рынок симферополь";0
"макдональдс в евпатории адрес";0
"маршала жукова 10 симферополь";0
"маскарпоне пирожное";30
"мбм феодосия официальный сайт";0
"мбм феодосия официальный сайт кондитерская";0
"меганом график работы";0
"меганом режим работы";0
"меганом режим работы магазинов";0
"меганом режим работы магазинов симферополь";0
"меганом симферополь площадь";0
"меганом схема магазинов";0
"меганом часы работы";0
"медобор торты цена";0
"медобор торты цена";0
"медобор торты цена";0
"медобор торты цена";0
"медоборы fit";0
"медоборы fit";0
"медоборы алушта";10
"медоборы алушта";10
"медоборы алушта";10
"медоборы бахчисарай";10
"медоборы бахчисарай";10
"медоборы бахчисарай";10
"медоборы бахчисарай";10
"медоборы график работы";0
"медоборы график работы";0
"медоборы график работы";0
"медоборы график работы";0
"медоборы евпатория";20
"медоборы евпатория";20
"медоборы евпатория";20
"медоборы евпатория адреса";0
"медоборы евпатория адреса";0
"медоборы евпатория адреса";0
"медоборы евпатория адреса магазинов";0
"медоборы евпатория адреса магазинов";0
"медоборы евпатория адреса магазинов";0
"медоборы керчь";0
"медоборы керчь";0
"медоборы керчь";0
"медоборы керчь адрес";0
"медоборы керчь адрес";0
"медоборы керчь адрес";0
"медоборы крым";10
"медоборы крым официальный сайт";0
"медоборы крым официальный сайт";0
"медоборы крым официальный сайт";0
"медоборы крым официальный сайт";0
"медоборы официальный сайт севастополь цены";0
"медоборы официальный сайт севастополь цены";0
"медоборы официальный сайт севастополь цены";0
"медоборы официальный сайт севастополь цены";0
"медоборы саки";0
"медоборы саки";0
"медоборы саки";0
"медоборы санаторий";10
"медоборы севастополь адреса";10
"медоборы севастополь адреса";10
"медоборы севастополь адреса";10
"медоборы севастополь адреса магазинов";0
"медоборы севастополь адреса магазинов";0
"медоборы севастополь адреса магазинов";0
"медоборы севастополь торты";10
"медоборы симферополь";210
"медоборы симферополь адреса";20
"медоборы симферополь адреса";20
"медоборы симферополь адреса";20
"медоборы симферополь адреса магазинов";0
"медоборы симферополь адреса магазинов";0
"медоборы симферополь адреса магазинов на карте";0
"медоборы симферополь адреса магазинов на карте";0
"медоборы симферополь карта";0
"медоборы симферополь карта";0
"медоборы симферополь официальный сайт цены в рублях";0
"медоборы симферополь официальный сайт цены в рублях";0
"медоборы симферополь официальный сайт цены в рублях";0
"медоборы симферополь официальный сайт цены в рублях";0
"медоборы симферополь режим работы";0
"медоборы симферополь режим работы";0
"медоборы симферополь режим работы";0
"медоборы симферополь режим работы";0
"медоборы симферополь торты на заказ цены каталог";0
"медоборы симферополь торты на заказ цены каталог";0
"медоборы симферополь торты на заказ цены каталог";0
"медоборы симферополь торты на заказ цены каталог";0
"медоборы ялта";40
"медоборы ялта";40
"медоборы ялта";40
"медоборы ялта адреса";10
"медоборы ялта адреса";10
"медоборы ялта адреса";10
"медоборы ялта официальный сайт";0
"медоборы ялта официальный сайт";0
"медоборы ялта официальный сайт";0
"медоборы ялта официальный сайт";0
"медовик балаклавская улица 43";0
"медовик в контакте";0
"медовик интернет магазин для кондитеров";0
"медовик кондитерский магазин";40
"медовый крым интернет магазин";0
"менжинского 1";0
"менжинского 1а";0
"менжинского севастополь";0
"меренга отзывы";0
"меренговый рулет сколько калорий";0
"метро в крыму адреса";0
"метро в крыму адреса магазинов";0
"метро севастополь адрес";0
"метро севастополь вк";0
"метро севастополь вконтакте";0
"метро севастополь время работы";0
"метро севастополь режим работы";0
"метро севастополь часы работы";0
"метро симферополь время работы";0
"метро симферополь график работы";0
"метро симферополь режим работы";0
"метро симферополь часы работы";10
"мир улица мира 5а";0
"мира 5а";50
"миранда медиа симферополь вакансии";10
"миррамед симферополь киевская";10
"миссия магазина";10
"мой торт рф";10
"морская 6";0
"московский магазин феодосия";0
"московский рынок севастополь карта";0
"московский рынок симферополь";0
москольцо;20
"москольцо симферополь";320
"москольцо симферополь карта";20
"моя кондитерская севастополь";10
"мужской каприз с грецкими орехами торт";0
"муравейник крым";10
"наполеон бжу";0
"наполеон ккал";0
"наполеон торт калорийность на 100";0
"наполеон шоколадный";30
"нахимова 10";50
"нахимова 10 севастополь";0
"нахимова 10а";0
"невский десерт кондитерская фабрика официальный сайт";0
"невского 15 симферополь";0
"необыкновенный торт";10
"необычное начало";0
"новинки в кондитерском производстве 2019";0
"новинки тортов 2019";10
"новости красноперекопска онлайн в контакте";0
"новые торты 2019";10
"облепиховый эклер";0
"одесская 12 симферополь на карте";0
"октябрьская 12 симферополь карта";0
"октябрьское центр крыма вконтакте";0
"октябрьской революции 28";0
"октябрьской революции 56";0
"ооо медоборы";0
"ооо медоборы";0
"острякова 192";0
"острякова севастополь";20
"пекарня 1 симферополь";0
"пекарня no 1 улица куйбышева 21";0
"пекарня no 1 улица шевченко 76";0
"пиколино ресторан севастополь";0
"пиколино севастополь официальный сайт";0
"пироги на заказ симферополь";10
"пироги севастополь";10
"пироги симферополь";10
"пироги симферополь доставка";10
"пирожное апельсин";0
"пирожное дакуаз фисташковое";0
"пирожное дамский каприз";20
"пирожное лимонное";30
"пирожное мраморное";20
"пирожное наполеон калорийность на 100 грамм";0
"пирожное черный принц";20
"пирожные сердечки";90
"пл 50 летия ссср севастополь";0
"пл восставших севастополь";0
"пл захарова севастополь";10
"площадь 50 лет ссср севастополь";0
"площадь 50 летия ссср севастополь";0
"площадь восставших";0
"площадь восставших севастополь";30
"площадь куйбышева симферополь карта";0
"площадь советская симферополь на карте";0
"подскажи севастополь";0
"полупанова евпатория";0
"получи пятерку";0
"пр героев сталинграда 39";0
"пр кирова 10 симферополь";0
"пр кирова 22";0
"пр октябрьской революции 8 севастополь";0
"пр победы 38 севастополь";0
"пр победы севастополь";10
"пр победы симферополь";10
"пр т победы 7 симферополь";0
"приложение тм";0
"проспект героев сталинграда 39";0
"проспект кирова 22";0
"проспект октябрьской революции 56";0
"проспект октябрьской революции 56 севастополь";10
"проспект октябрьской революции 57";0
"проспект октябрьской революции 57 севастополь";0
"проспект октябрьской революции 67";0
"проспект октябрьской революции 67 севастополь";10
"проспект победы 17";170
"проспект победы 17 севастополь";0
"проспект победы 38 севастополь";0
"проспект победы 42 севастополь";0
"пряники на заказ севастополь";0
"птичье молоко отзывы";10
"пушкинская 26";50
"пчелка севастополь официальный сайт";0
"пятый километр севастополь";10
"работа кондитер севастополь";10
"работа метро севастополь";10
"работа на москольце симферополь";0
"радужная меренга";40
"рандом стафф розыгрыш";0
"революции 28";30
"революции 56";0
"режим работы автовокзал симферополь";0
"режим работы автовокзала евпатория";0
"режим работы ашан симферополь";10
"режим работы крымэнерго симферополь";0
"режим работы лаванды севастополь";0
"режим работы меганом симферополь";0
"режим работы рынка на фрунзе";0
"режим работы севастопольского рынка";0
"рецепт торта ай петри";10
"рецепт торта ай петри медоборы";10
"рецепт черный принц торт";20
"рынки симферополя";30
"рынок 5 км севастополь адрес";0
"рынок 5 км севастополь режим работы";0
"рынок 5км севастополь";0
"рынок в гурзуфе на карте";0
"рынок в евпатории время работы";0
"рынок в евпатории на карте центральный";0
"рынок в евпатории часы работы";0
"рынок в керчи часы работы";0
"рынок в саки режим работы";0
"рынок в симферополе";20
"рынок в судаке адрес на карте";0
"рынок в феодосии адрес и часы работы";0
"рынок в феодосии режим работы";0
"рынок марьино симферополь";0
"рынок москольцо симферополь";0
"рынок пятый километр севастополь";0
"рынок севас";90
"рынок севас адрес";0
"рынок севастополь москва режим работы";0
"рынок севастопольский в москве часы работы";0
"рынок феодосия часы работы";0
"рынок чайка севастополь время работы";0
"рынок чайка севастополь режим";0
"рынок чайка севастополь режим работы";0
"рынок шевченко севастополь";0
"рынок ялта время работы";0
"рынок ялты время работы";0
"саки корзина";0
"саки магазин лидер";0
"саки супермаркет корзина";0
"сафари севастополь океан";0
"сафари спорт океан";0
"сафари спорт севастополь океан";0
"сафари спорт севастополь острякова";0
"сафари спорт севастополь юмашева";0
"сафари юмашева севастополь";0
"севастополь 5 й километр";0
"севастополь генерала острякова";10
"севастополь магазин меганом";0
"севастополь нахимова";10
"севастополь октябрьской революции 67";0
"севастополь остряки";10
"севастополь проспект октябрьской революции 56а";0
"севастополь работа на острякова";0
"севастополь рынок 5 км";10
"севастополь рынок кольцо";0
"севастополь рынок москва часы работы";0
"севастополь ул вакуленчука 31";0
"севастополь ул героев сталинграда";10
"севастополь ул льва толстого";0
"севастополь ул октябрьской революции";0
"севастополь ул толстого";0
"севастополь ул челюскинцев";10
"севастополь улица менжинского";0
"севастополь улица нахимова";0
"севастополь улица октябрьской революции";0
"севастополь улица шевченко";0
"севастополь цум магазины";0
"севастополь цум на карте";0
"севастополь челюскинцев 10";0
"севастополь шевченко";10
"севастопольская 20 симферополь";0
"севастопольская 21 симферополь";0
"севастопольская 32";0
"севастопольская 32 симферополь";0
"севастопольская 32 симферополь на карте";0
"севастопольская 76 на карте симферополя";0
"севастопольская 8 симферополь";0
"севастопольский завод напитков официальный сайт";0
"севастопольский рынок кальяны время работы";0
"севастопольский рынок официальный сайт";0
"севастопольский рынок часы";0
"севастопольский рынок часы работы";0
"сеть магазинов корзина в крыму";0
"сеть магазинов лидер севастополь";10
"сеть магазинов лидер севастополь официальный сайт";0
"симферополь автовокзал киевская";0
"симферополь бела куна";10
"симферополь восточная";10
"симферополь график работы";0
"симферополь куйбышевский рынок";10
"симферополь магазин проспект";0
"симферополь москольцо купить";0
"симферополь на карте мира";10
"симферополь проспект кирова";10
"симферополь севастопольская";10
"симферополь ул гагарина 8";0
"симферополь ул желябова";10
"симферополь ул жукова 10";0
"симферополь ул невского 15";0
"симферополь ул севастопольская";10
"симферополь улица долгоруковская";0
"симферополь улица жукова";0
"симферополь улица киевская";10
"симферополь улица невского";0
"симферопольская 25";10
"симферопольская севастополь";0
"симферопольский рынок";40
"склад восточных сладостей симферополь";0
"сколько весит 1 эклер";0
"сколько весит пирожное картошка";30
"сколько весит эклер с заварным кремом";0
"сколько ккал в торте наполеон";0
"сколько ккал в эклере с заварным кремом";0
"сколько лет городу симферополю";0
"сладкий дом симферополь";10
"сладкоежки минус";0
"смайлик абрикоса";0
"социальный рынок севастополь";0
"спортзал севастополь острякова";0
"сталинграда 39 севастополь";0
"стахановская 17";0
"сто 5 км севастополь";0
"супермаркеты в севастополе 2019";0
"супермаркеты в ялте 2019 на карте";0
"таврический автовокзал номер телефона";0
"таврический торт";20
"тарт с фруктами";30
"телефон метро севастополь";0
"тирамису классический итальянский";0
"тм крымский десерт официальный сайт";0
"толстого 22";20
"топ 100 интернет магазин севастополь";0
"торговый центр метро севастополь";20
"торт ай петри";90
"торт ай петри медоборы";10
"торт ай петри рецепт с фото";10
"торт айпетри рецепт в домашних условиях";0
"торт дакуаз";40
"торт джанкой";0
"торт каштан";10
"торт крымск";0
"торт крымский каштан медоборы";0
"торт крымский каштан медоборы";0
"торт крымский каштан медоборы";0
"торт наполеон ккал";40
"торт наполеон углеводы";0
"торт небесный";50
"торт небесный";50
"торт севастополь";20
"торт сладкая ночь";0
"торт строй симферополь официальный сайт";0
"торт таврида";10
"торт таврический";30
"торт таврический рецепт с фото";0
"торт тропическая свежесть";0
"торт цветочный";20
"торт черная ночь";10
"торт черный принц состав";0
"тортик чизкейк";1000
"торты белая акация феодосия";0
"торты керчь";0
"торты медоборы";10
"торты медоборы";10
"торты медоборы";10
"торты медоборы прайс";0
"торты медоборы прайс";0
"торты медоборы прайс";0
"торты мой официальный сайт";0
"торты на заказ алушта";10
"торты на заказ в севастополе";10
"торты на заказ крымск";10
"торты на заказ симферополь медоборы";10
"торты на заказ симферополь цены фото";0
"тц киевский севастополь";0
"тц метро севастополь";20
"тц московский севастополь медицинский центр";0
"тц океан севастополь";10
"тц октябрьский симферополь";40
"у дома для дома торговая сеть крым";0
"ул адмирала октябрьского";0
"ул александра невского 15 симферополь";0
"ул бела куна 15 симферополь";0
"ул бела куна симферополь";0
"ул гайдара симферополь";0
"ул генерала горбачева феодосия";0
"ул киевская 24";20
"ул киевская д 24";0
"ул киевская симферополь";10
"ул крымская феодосия";10
"ул лермонтова симферополь";10
"ул менжинского севастополь";0
"ул мира симферополь на карте";0
"ул московская 17";20
"ул октябрьской революции 56";0
"ул ракитского бахчисарай";0
"ул севастопольская симферополь";10
"ул советская 28";10
"ул фадеева 48 севастополь";10
"ул шевченко севастополь";10
"улица адмирала октябрьского";0
"улица адмирала октябрьского севастополь";0
"улица балаклавская 3 севастополь";0
"улица бела куна симферополь";0
"улица восставших севастополь";0
"улица гагарина 17";0
"улица гагарина симферополь";0
"улица гайдара симферополь";0
"улица генерала горбачева феодосия";0
"улица героев сталинграда севастополь";10
"улица горького 34";20
"улица громова севастополь";0
"улица крымская феодосия";0
"улица лермонтова симферополь";10
"улица льва толстого 22";0
"улица льва толстого севастополь";0
"улица морская ялта";10
"улица московская симферополь";0
"улица толстого севастополь";0
"улица челюскинцев севастополь";0
"фадеева 48";20
"фантазия севастополь официальный сайт";0
"феодосия крымская";0
"фирменный магазин массандра в севастополе адреса";0
"фирменный торт";50
"фирмы тортов список";0
"фисташковый дакуаз";0
"фитнес сафари севастополь";0
"форос вики";0
"франшизы для крыма";0
"фруктовое севастополь карта";0
"центральный рынок бахчисарай";0
"центральный рынок в ялте время работы";0
"центральный рынок евпатория режим работы";0
"центральный рынок севастополь режим работы";0
"центральный рынок симферополь адрес";10
"центральный рынок симферополь график работы";0
"центральный рынок симферополь карта";10
"центральный рынок симферополь режим работы";10
"центральный рынок феодосия время работы";0
"центральный рынок феодосия режим работы";0
"центральный рынок ялта на карте";0
"центральный рынок ялта режим работы";0
"цех евпатория кафе меню";0
"цитрус в контакте";10
"цум симферополь адрес";0
"цум торты";10
"чай горячий";70
"чай облепиха имбирь";90
"чай с мятой и смородиной";20
"чай с облепихой и корицей";30
"чай с ягодами смородины";10
"чай со смородиной и мятой";30
"часы работы крымэнерго симферополь";0
"часы работы меганом симферополь";0
"челюскинцев 36 севастополь";0
"черный принс торт";0
"черный принц торт на сметане";20
"чизкейк выпечной";20
"чизкейк ккал";140
"чизкейк ру официальный сайт";0
"чизкейк с фруктами";110
"чизкейк углеводы";20
"чизкейк украшение";480
"чизкейк фруктовый с желе";0
"что нового в севастополе в контакте";0
"шевченко 17 севастополь";0
"шевченко 20 севастополь";0
"шевченко 7 севастополь";0
"шлагбаумская 38 керчь на карте";0
"шоколадная фабрика в крыму";0
"шоколадный принц торт";30
"эклер вес";10
"эклер евпатория";10
"эклер ккал";90
"эклер яблоко";0
"эклеры с маскарпоне";50
"эклеры с надписью на заказ спб";0
"эклеры севастополь";0
"эксклюзивные новости керчь";0
"эксклюзивные эклеры";0
"эпицентр севастополь официальный сайт каталог товаров";0
"эстерхази торт википедия";0
"ялта московская 9";0
"ялта овощной рынок часы работы";0
"ялта супермаркеты на карте города";0
"ялта ул киевская";10
"ялта улица морская 8";0
"ялта улица пироговская";0
"яндекс работа гаспра";0
"мраморное безе";0
"чизкейк кондитерская";0
"чизкейк с надписью";40
"5 километр балаклавского шоссе";0
"5 км балаклавского шоссе севастополь рынок";0
"7 км балаклавского шоссе севастополь";0
"автостан симферополь";0
"автостанция джанкой телефон";0
"адмирала октябрьского 7 севастополь";0
"адреса магазинов торты";0
"ай любимая";0
"ай петри медоборы";10
"ай петри медоборы";10
"ай петри медоборы";10
"ай петри медоборы";10
"акция магазинчик керчь";0
"алупка магазины рынки на карте";0
"американо тм";0
"ашан евпатория адрес";0
"ашан симферополь время работы магазина";0
"ашан торт панчо";0
"балаклавское шоссе";10
"балаклавское шоссе севастополь на карте";0
"бахчисарай жд";0
"ванильная выпечка";0
"вес эклера с заварным кремом";0
"выложишь фотку";0
"гагарина 17 магазин";0
"где купить торт в симферополе";0
"где находится улица киевская в симферополе";0
"гер сталинграда";10
"героев сталинграда 3а";0
"гипермаркеты в севастополе на карте";0
"город керчь улица ворошилова";0
"горпищенко 70 почта севастополь";0
"график работы 5 км севастополь";0
"график работы крымэнерго симферополь набережная";0
"график работы севастопольского рынка";0
"графские развалины верхнесадовое севастополь";0
"графские развалины севастополь";0
"громовой 56";0
"день рождения 10 лет симферополь";0
"день рождения вместе";0
"детский крым интернет магазин каталог";0
"детский крым лермонтова";10
"детский крым севастополь интернет";0
"детский крым севастополь каталог товаров";0
"детский крым симферополь адреса магазинов";0
"детский крым ялта адрес";10
"джанкой крымская";0
"джанкой ул крымская";0
"дом свадьбы симферополь";0
"доставка тортов ялта";10
"евпатория рынок центральный время работы";0
"евпатория ул дмитрия ульянова";10
"заказ пирогов севастополь";0
"заказать пироги севастополь";0
"заказать торт в ялте";10
"заправка картриджей симферополь москольцо";10
"инкерман адреса магазинов в крыму";0
"интернет кафе севастополь адрес";0
"итальянские слойки";10
"как сфотографироваться с тортом";0
"карамельный торт медоборы";0
"карамельный торт медоборы";0
"карамельный торт медоборы";0
"карамельный торт медоборы";0
"карамельный торт медоборы";0
"карта севастополя московский рынок";0
"кафе апельсин севастополь";0
"кафе лисенок севастополь";0
"керчь рынок центральный график работы";0
"керчь центральный рынок часы работы";0
"киевская 57 1 симферополь карта";0
"киевская севастополь";0
"кирова 22 2 симферополь";0
"кирова 22 симферополь";0
"компания крым урожаq";0
"кондитерская ежики севастополь сайт";0
"кондитерская медоборы севастополь";0
"кондитерские магазины в евпатории";0
"кондитерский магазин феодосия";0
"крымская кондитерская фабрика";0
"крымские сладости краснодар";0
"крымские сладости купить в керчи";0
"крымские сладости оптом от производителя в крыму";0
"крымский десерт купить в феодосии";0
"крымский десерт официальный";0
"крымэнерго ялта контакты";0
"купить каравай симферополь";0
"купить торт в судаке";0
"купить франшизу в краснодаре каталог";0
"лермонтов симферополь";20
"лидер океан севастополь";0
"лимонное птичье молоко";20
"льва толстого 19 севастополь";0
"магазин грэс";0
"магазин инкерман в евпатории";0
"магазин лидер севастополь время работы";0
"магазин массандра в керчи";0
"магазин массандра в севастополе адреса";0
"магазин массандра в симферополе адрес";0
"магазин медоборы";0
"магазин московский севастополь";0
"магазин часы евпатория";0
"магазин шоколада симферополь";0
"магазины на москольце симферополь";0
"макаруны фирма";0
"марина губанова инстаграм";0
"массандра часы работы магазина";0
"маффин бжу";0
"мбм феодосия официальный";0
"меганом симферополь бутики";0
"меганом симферополь карта магазина";0
"медоборы ассортимент";10
"медоборы балаклава";0
"медоборы балаклава";0
"медоборы вакансии";0
"медоборы джанкой";0
"медоборы джанкой";0
"медоборы джанкой";0
"медоборы доставка";10
"медоборы доставка";10
"медоборы доставка";10
"медоборы москва";0
"медоборы официальный сайт севастополь каталог товаров";0
"медоборы официальный сайт севастополь каталог товаров";0
"медоборы официальный сайт севастополь каталог товаров";0
"медоборы официальный сайт севастополь каталог товаров";0
"медоборы севастополь вакансии";10
"медоборы севастополь время работы";10
"медоборы севастополь время работы";10
"медоборы севастополь цены";10
"медоборы севастополь цены";10
"медоборы севастополь цены";10
"медоборы симферополь время работы";0
"медоборы симферополь время работы";0
"медоборы симферополь время работы";0
"медоборы симферополь время работы";0
"медоборы симферополь официальный";0
"медоборы симферополь официальный";0
"медоборы симферополь официальный";0
"медоборы симферополь официальный";0
"медоборы симферополь торты";0
"медоборы цены";10
"медоборы цены";10
"медоборы цены";10
"медоборы цены";10
"метро симферополь время";0
"московский рынок севастополь адрес";0
"муравейник евпатория";10
"октябрьской революции 57";0
"октябрьской революции 8 севастополь";0
"ореховый щелкунчик торт";0
"отдел кадров вакансии севастополь";0
"пав 41";0
"павильон 8";0
"пекарня номер 1 симферополь";0
"песочное печенье отзывы";0
"печенье дамский каприз";40
"пиколино муссон";0
"пирог ай";0
"пирожное корзинка вес";0
"пирожное павлова отзывы";10
"пирожное с кремом из маскарпоне";0
"пирожное с сыром маскарпоне";40
"пл захарова";0
"пр нахимова севастополь";0
"пр т героев";0
"праздничные кексы";20
"проспект победы 17 евпатория карта";0
"проспект победы дом 17";0
"работа 5 км севастополь";0
"работа в симферополе в районе москольца";0
"работа медоборы севастополь";0
"работа на заводе севастополь";0
"рынки симферополя на карте";0
"рынок в алупке адрес";0
"рынок в ялте на карте города";0
"рынок севас часы работы";0
"сайт чизкейк ру москва";0
"саки крым шоколад";0
"салоны красоты москольцо симферополь";0
"самый большой рынок в севастополе";0
"сафари спорт севастополь океан цены";0
"севастополь автовокзал часы работы";0
"севастополь красногвардейск";0
"севастополь пр";0
"севастополь пр победы 17";0
"севастополь северная сторона симферополь";0
"севастополь торты на заказ каталог и цены";0
"севастополь ул льва толстого 19";0
"севастополь ул победы";0
"севастополь улица победы";0
"севастополь шевченко 8б";0
"севастопольская 70";0
"севастопольский 28 г";0
"сеть магазинов детский крым";0
"симферополь пр т победы 48 а";0
"симферополь рынки на карте";0
"симферополь торты на заказ цены каталог";0
"симферополь ул долгоруковская 41";0
"симферополь улица проспект победы";0
"сколько калорий в фруктовом торте";0
"слойка ккал";0
"со скольки работает севас";0
"ст каравай севастополь на карте";0
"супермаркеты в симферополе адреса";0
"торт ай петри медоборы фото";0
"торт везет";0
"торт испортился";0
"торт наполеон вес";0
"торт таврида рецепт";10
"торт цветочный медоборы";0
"торт цветочный медоборы";0
"торт цум";0
"торт черный граф рецепт";0
"торт черный принц вкусный";0
"торт чизкейк с фруктами";10
"торты в алуште где купить";0
"торты в алуште где купить";0
"торты керчь купить";0
"торты на заказ в симферополе цена";0
"торты фантазия севастополь каталог";0
"украшения для торта симферополь";0
"ул белы куна 7";0
"ул льва толстого 22";10
"ул советская 28а";0
"ул фадеева 48";0
"ул челюскинцев 36 севастополь";0
"улица александра невского 15 симферополь";0
"улица ворошилова керчь";0
"улица мира симферополе";0
"улица торговая севастополь";0
"феодосия автовокзал часы работы";0
"феодосия рынок центральный график работы";0
"феодосия ул горбачева";0
"фото в контакте женщин в симферополе";0
"франшиза выпечки и кондитерских";0
"фруктовый рынок севастополь";0
"фрунзе 20 евпатория";0
"фрунзе 44 бахчисарай";0
"цум кондитерская";10
"чизкейк ru официальный";0
"чизкейк официальный сайт москва";0
"шевченко 61 севастополь";0
"шевченко 8 севастополь";0
"шоппинг евпатория";0
"штрудель яблоко";10
"эклеры углеводы";0
"эпицентр севастополь официальный сайт каталог";0
"южная ночь рецепт";0
"ялтинский рынок часы работы";0
﻿"Поисковый запрос";Частота
"торт черный принц";3600
"акция дарим подарки";0
"детский крым";720
"кондитерская франшиза";20
"крымский десерт официальный сайт";0
"симферополь торты на заказ";10
"торты на заказ севастополь";30
"торты на заказ ялта";20
"франшиза кондитерские изделия";10
"франшиза кондитерских изделий";10
"франшиза кондитерского магазина";30
"чай из смородины";70
"черный принц торт";1900
"чай из черной смородины";40
"чай с черной смородиной";90
"торт черный";480
"торт принц";110
"торт ночь";140
"торт черный принц рецепт";480
"торт чизкейк";1000
"торт телефон";170
"торты симферополь";20
"выпечка пироги";590
"пироги выпечка";20
"черный принц";2400
"свадебные торты севастополь";10
"чай черная смородина";20
"московский торт";40
"шварцвальдский торт";170
"пирожное медовое";90
"кондитерские фабрики крыма";10
"кондитерская фабрика симферополь";10
"симферопольская кондитерская фабрика официальный сайт";10
"миссия кондитерской фабрики";20
"торты на заказ в симферополе";10
"автовокзал симферополь";1300
"рынок симферополь";50
"рынок феодосия";70
"кофейня севастополь";40
"шевченко 17";140
"ул шевченко 17";10
"ул шевченко д 17";0
"улица шевченко 17";0
"миссия и ценности компании";40
"франшиза кондитерской";90
"медовые пирожные";260
"торт шоколадный принц";140
"торт наполеон описание";30
"торт наполеон калорийность";210
"торт ай петри рецепт";10
"пирожное с маскарпоне";110
"печенье тм";0
"печеные изделия";10
"торт марика купить";20
"торт черный принц купить";30
"купить торт в симферополе";10
"торты на заказ евпатория";10
"свадебный торт симферополь";10
"кирова 22";320
"улица кирова 22";0
"акция каникулы";0
"медовое пирожное";260
"калорийность эклера";170
"севастопольский вальс";880
"лермонтова 5";140
"симферополь лермонтова";10
"ул лермонтова 5";0
"евпатория фрунзе";10
"евпатория ул фрунзе";10
"фрунзе 81";0
"фрунзе 44";30
"евпатория улица фрунзе";10
"бахчисарай ул фрунзе";0
"фрунзе 97";0
"ул гайдара 2";0
"торты адрес магазина";0
"ассортимент тортов";70
"франшиза в крыму";10
"магазин для кондитеров симферополь";20
"магазин для кондитеров на киевской";0
"бонус севастополь официальный сайт";0
"тренажерный зал балаклава";0
"балаклава в октябре";0
"метро севастополь";590
"сафари спорт юмашева";0
"торты на заказ симферополь";40
"торты на заказ феодосия";10
"торты севастополь";20
"купить франшизу в крыму";10
"феодосия рынок";70
"сколько калорий в торте наполеон";90
"торты на заказ керчь";20
"торты на заказ крым";0
"дамский каприз";1300
"севастополь часы работы";0
"рынок севастополь часы работы";0
"торты пирожные кондитерские";0
"кондитерская фантазия";10
"автостанция восточная";90
"автостанция восточная симферополь";110
"автостанция симферополь";170
"торт парадиз";20
"настоящие французские круассаны";20
"чай с ягодами черной смородины";0
"пирожное с орехами";30
"черная смородина с медом";10
"чай со смородиной";210
"цветочный торт";50
"фруктовый чизкейк";50
"медоборы севастополь";170
"ялта магазины";70
"ялта московская";0
"ялта киевская";10
"ялта пушкинская";10
"крымэнерго ялта";210
"ялта ул московская";10
"улица киевская дом 24";0
"чизкейк торт";140
"морковный чизкейк";110
"торты от";50
"торт таврический рецепт";10
"торт черный принц на сметане";50
"рецепт черного принца";40
"пирожное новинка";40
"морковный маффин";140
"торт южная ночь рецепт";10
корзиночка;880
"акция 25 лет";0
"автовокзал в симферополе";30
"симферополь автовокзал";590
"шоколадный наполеон";170
"детские торты на заказ симферополь";10
"франшиза крым";10
"смородиновый чай";110
"чай смородина";50
"торт бархатное сердце";20
"детский товар крым";0
"пгт массандра";20
"рынки феодосии";20
"рынок в феодосии";40
"севастополь магазины";110
"город форос";30
"кондитерские официальный сайт цены";0
"желейные пирожные";10
дамский;140
"купить дом 5 км севастополь";0
"торт красная москва";90
"торт для тренера по фитнесу";20
"торт московский купить";10
"торт московский";50
"заказать севастополь";0
"конфеты оптом симферополь";10
"черный смородина";20
"чизкейк сайт";140
"торт чизкейк шоколадный";10
"наполеон калорийность на 100 грамм";0
"торт наполеон калорийность на 100 грамм";0
"ассорти симферополь официальный сайт";0
"песочное печенье с кокосом";20
"наполеон торт калорийность";50
"наполеон калорийность";390
"наполеон калории";50
"торт наполеон калории";50
"магазин для кондитеров севастополь";20
"детский крым интернет магазин";20
"чизкейк фруктовый";40
"штрудель вишневый";480
"тирамису с лимоном кофейня";0
"крымский фундук";0
"победа севастополь";30
"шоссе севастополь";0
"шевченко севастополь";10
"р севастополь";0
"севастополь октябрьской революции";10
"5 км севастополь";40
"проспект победы севастополь";40
"захарова севастополь";0
"севастополь адреса магазинов";0
"собери и получи";0
"севастополь рынок режим работы";0
"генерал остряков севастополь";0
"севастополь 41";0
"генерала острякова севастополь";20
"севастополь т";0
"севастополь сеть";0
"каталог сайтов севастополя";0
"севастополь пл";0
"челюскинцев севастополь";10
"остряки севастополь";0
"льва толстого севастополь";0
"метро севастополь вакансии";10
"детский крым интернет";0
"фантазия севастополь торты";0
"изделие крым";0
"ул адмирала октябрьского севастополь";0
"севастополь 5 километр";20
"отдел кадров севастополь";0
"торговые сайты севастополя";0
"рынок 5 км севастополь";30
"детский крым симферополь";210
"адмирала октябрьского 15 севастополь";0
"севастополь пр октябрьской революции";0
"медоборы официальный сайт севастополь";0
"медоборы официальный сайт севастополь";0
"медоборы официальный сайт севастополь";0
"медоборы официальный сайт севастополь";0
"медоборы севастополь официальный";0
"медоборы севастополь официальный";0
"медоборы севастополь официальный";0
"медоборы севастополь официальный";0
"прайс работа севастополь";0
"кондитерские севастополь";30
"цитрусовый торт";30
"торт компания";0
"торты официальный сайт цены";0
"магазин метро севастополь";30
"магазин метро в севастополе";10
"метро магазин севастополь";10
"торт московский рецепт с фото";0
"сделать сайт севастополь";10
"доставка сладостей севастополь";10
"торт на заказ керчь";20
"чай вместе";0
"крымский десерт купить в москве";10
"крымские сладости севастополь";10
"заказать торт в севастополе";10
"магазин тортов адреса";0
"балаклава ул";0
"назукина балаклава";0
"кондитерский магазин симферополь";50
"кондитерский магазин севастополь";30
"мбм феодосия официальный сайт кондитерская фабрика";0
"мульт праздник";0
"киевская 6";110
"торты краснодар официальный сайт";0
"симферополь сто";10
"торт эстерхази купить в москве магазины";10
"торт графские развалины купить в москве";10
"торт фирменный";20
"торт марика купить москва";10
"торт москва калорийность";30
"конструктор тортов онлайн";10
"пирожные в подарок";40
"торты ялта";10
"торт черный принц отзывы";10
"торт южная ночь";110
"торт дамский каприз со сметанным кремом";20
"симферополь проспект победы";20
"севастополь проспект победы";20
"желейные цветы";10
"франшиза деловые линии купить";10
"кондитерские изделия крым";10
"стоимость маскарпоне";10
"кондитерский магазин киевская";10
"ялта улица киевская";10
"детский крым симферополь интернет";0
"детский крым интернет магазин в симферополе";0
"прага севастополь меню";10
"кафе молодость севастополь официальный сайт";0
"кафе платан симферополь официальный сайт";0
"кафе платан симферополь меню цены";0
шварцвальдский;10
медоборы;390
"симферополь киевская";10
"симферополь ул киевская";10
"киевская г симферополь";0
"рынок на киевской";70
"г симферополь ул киевская";0
"киевская 100";0
"севастополь 5 км";30
"алушта горького";10
"алушта горького 21";10
"алушта улица горького";10
"пряники бжу";0
"форос ул космонавтов";0
"ялта улица морская";10
"гурзуф ул подвойского";10
"ялта улица игнатенко";10
"магазины в гурзуфе крым";0
"форос космонавтов";0
"ялта улица московская";10
"ялта улица московская 8";0
"карамельно банановый торт";70
"кексы праздничные";10
"торт для принца";20
"калорийность торта наполеон";90
"чизкейк апельсиновый";50
"торты франшиза";0
"победы 17";210
"эклер калорийность";390
"севастополь центральный рынок на карте";0
"партенит магазины на карте";0
"рынок автовокзал";0
"симферополь ашан на карте";0
"сухой наполеон";20
"метро севастополь каталог товаров";10
"кулинария севастополь";0
"пекарня каравай севастополь";10
"кондитерская евпатория";10
"кондитерская симферополь";20
"пекарня евпатория";0
"пекарня севастополь";10
"пекарня феодосия";0
"симферополь москольцо";50
"симферополь рынок";40
"куйбышевский рынок симферополь";30
"доставка тортов севастополь";10
"доставка тортов симферополь";10
"пироги севастополь доставка";0
"керчь улица орджоникидзе";0
"акции в магазинах севастополя";10
"скидки в магазинах севастополя";0
"рандом стафф";880
дакуаз;880
"советская 28";320
"медоборы симферополь официальный сайт";0
"медоборы симферополь официальный сайт";0
"медоборы симферополь официальный сайт";0
"медоборы симферополь официальный сайт";0
"пл 50";0
"бонус мобильное приложение";0
"автовокзал киевский";10
"пирожное ночь";0
"пирожные официальный сайт";0
"7 пирожных";0
"декор пирожных";10
"скетч пирожное";0
"сколько весит пирожное";0
"мраморное пирожное";40
"акции на мороженое";40
"севастополь торты на заказ";10
"торты на заказ в ялте";10
"торты и торты";50
"магазин тортов москва адреса";0
"евпатория ул интернациональная";10
"метро севастополь акции";20
"чай с смородиной";20
"натали евпатория";10
"центральный рынок севастополь время работы";0
"торт ай петри медоборы рецепт с фото";0
"заказать торт в симферополе";10
"магазин для кондитеров крым";10
"магазин для кондитеров в ялте";10
"кондитерский магазин евпатория";10
"пирожное медовик купить";20
"авторские чаи";110
"авторский чай";110
желейный;590
"ручная работа севастополь";0
"ашан симферополь список магазинов";10
"севастополь магазин метро";10
"победы 49";70
"симферополь пр победы";0
"вместе выгоднее";210
"пр кирова симферополь";0
"московская 43";0
"фадеева 48 севастополь";20
"саки ул советская";0
"улица фадеева севастополь";10
"улица кирова симферополь";10
"торт для большой компании";10
"детский крым симферополь каталог товаров";0
"100 грамм наполеона";0
"5 й километр балаклавского шоссе";0
"5 й км балаклавского шоссе";0
"5 км балаклавского шоссе";0
"5 км балаклавского шоссе севастополь";0
"5 км севастополь рынок время работы";0
"50 ти летие";10
"metro севастополь";50
"metro севастополь акции";10
"ul tort ru";0
"авито джанкой авто";10
"авито доставка ялта";10
"автовокзал армянск телефон";0
"автовокзал г симферополь";10
"автовокзал джанкой телефон";10
"автовокзал евпатория режим работы";0
"автовокзал красноперекопск номер телефона";10
"автовокзал симферополь номер телефона";40
"автостанция 4 восточная симферополь на карте";0
"автостанция армянск телефон";10
"автостанция восточная симферополь адрес";0
"автостанция восточная симферополь на карте";10
"автостанция восточная симферополь телефон";10
"автостанция северная севастополь официальный сайт";0
"автостанция северная севастополь телефон";10
"автостанция симферополь номер телефона";0
"автостанция симферополь телефон";10
"адмирала октябрьского 20 севастополь";0
"адмирала октябрьского 8 севастополь";0
"адмирала октябрьского севастополь";0
"адрес магазина метро в севастополе";0
"ай петри спб";0
"ай петри торт";40
"акции ашан симферополь сегодня";0
"акции магазинчик крым";0
"акция магазинчик симферополе";0
"александра невского 15 симферополь";0
"александра невского 38";0
"али баба кондитерская симферополь";0
"алушта улица хромых";0
"античный 6";0
"античный 6 севастополь";0
"армянск купить б у телефон";0
"ассорти вакансии симферополь";0
"ассорти севастополь официальный сайт";0
"ашан в севастополе адрес на карте";0
"ашан в ялте адрес";0
"ашан крым время работы";0
"ашан севастополь крым";0
"ашан симферополь адрес";20
"ашан симферополь время";0
"ашан симферополь время работы";30
"ашан симферополь график работы";10
"ашан симферополь карта";10
"ашан симферополь кафе";0
"ашан симферополь контакты";10
"ашан симферополь на карте";10
"ашан симферополь официальный сайт акции";0
"ашан симферополь режим работы";20
"ашан симферополь часы работы";10
"ашан скидка на торты в день рождения";70
"ашан чизкейк";10
"балаклавское шоссе 10";0
"балаклавское шоссе севастополь";0
"бахчисарай жд вокзал";30
"бахчисарай магазины";0
"бахчисарай площадь";0
"бела куна 15 симферополь";0
"бела куна 31 симферополь";0
"бела куна 7";0
"бела куна 7 симферополь";0
"белая акация феодосия торты каталог";0
"белая акация феодосия торты каталог фото";0
"бжу медовик";0
"бренд шеф пекарь кондитер";0
"бутик эклеров ялта";20
"вакансии на работу в севастополе";10
"вакансии севастополь сегодня";0
"вакуленчука 31 севастополь";0
"васильева 5";0
"вещевой рынок 5 км севастополь график работы";0
"вкус крыма севастополь 2019";0
"вкусная мастерская интернет магазин";0
"вкусы эклеров";10
"во сколько открывается меганом в симферополе";0
"водевиль торт";0
"время работы ашан симферополь";10
"время работы севастопольского рынка";0
"г симферополь ул севастопольская";0
"гагарина 15 симферополь";10
"гагарина симферополь на карте";0
"гакало вадим владимирович";10
"гакало севастополь";0
"гаспра магазины";0
"где купить вкусный торт в евпатории";0
"где купить крымские сладости в севастополе";0
"где купить торт в алуште";0
"где купить торт в евпатории";0
"где рынок в феодосии";0
"героев сталинграда 3";10
"горгаз евпатория официальный сайт личный кабинет";0
"город работ керчь";10
"горького 34";170
"график работы ашан симферополь";0
"график работы крымэнерго симферополь";0
"график работы метро севастополь";0
"громова 56";0
"грэс симферополь карта";10
"гурзуф подвойского 9";10
"гурзуф ул подвойского 9";10
"дамский каприз вк";0
"дамский каприз каталог";0
"десерты севастополь";0
"детские магазины в севастополе адреса";0
"детский дом севастополь официальный сайт";0
"детский крым евпатория";40
"детский крым интернет магазин в симферополе каталог";0
"детский крым интернет магазин евпатория";0
"детский крым интернет магазин ялта";0
"детский крым каталог";10
"детский крым магазин";20
"детский крым меганом симферополь";0
"детский крым муссон";10
"детский крым севастополь";170
"детский крым севастополь адреса";10
"детский крым севастополь адреса магазинов";0
"детский крым севастополь интернет магазин";10
"детский крым севастополь каталог";10
"детский крым севастополь муссон";10
"детский крым симферополь адреса";20
"детский крым симферополь каталог";10
"детский крым симферополь лермонтова";10
"детский крым ялта";50
"детский мир севастополь адреса";0
"детский мир симферополь лермонтова";10
"джанкой крымск";0
"дмитрия ульянова евпатория";0
"до скольки работает меганом";0
"до скольки работает меганом в симферополе";0
"до скольки работает севастопольский рынок";20
"до скольки работает центральный рынок в симферополе";0
"долгоруковская 41 симферополь";0
"долгоруковская 7 симферополь";0
"дом вкуса феодосия официальный сайт меню";0
"дом павлова симферополь";10
"евпатория интернациональная";0
"евпатория пр победы";10
"жд вокзал бахчисарай";30
"желябова 15 симферополь";0
"желябова 5";40
"желябова симферополь";10
"заказать пироги в севастополе";0
"заказать свадебный каравай симферополь";0
"заказать торт в симферополе на день рождения";0
"заказать торт медоборы севастополь";0
"заказать торт медоборы севастополь";0
"заказать торт медоборы севастополь";0
"заказать торт медоборы севастополь";0
"заказать тортики на дом магазин чизкейк";10
"залесский рынок симферополь";10
"захарова онлайн севастополь";0
"инстаграм торт черный";0
"интернет магазин для кондитеров в крыму";10
"информ тм";0
"как выложить фото в вк с хештегом";0
"как выложить фото с хештегом в контакте";0
"как исправить засахаренный мед";0
"какие магазины есть в алуште";0
"какие магазины есть в крыму";20
"какие магазины есть в меганоме симферополь";0
"какие магазины есть в ялте";0
"какое бывает безе";0
"калорийность медового пирожного";0
"калорийность наполеона";170
"калорийность эклера со взбитыми сливками";20
"камера онлайн севастополь захарова";0
"капкейки медовик рецепт моя кофейня";0
"капкейки на заказ симферополь";10
"капкейки севастополь";10
"капкейки симферополь";10
"каравай заказать севастополь";0
"карта достижений крыма";0
"картинки на телефон макаруны";0
"кафе бисквит севастополь";0
"кафе ежики севастополь";10
"кафе медоборы";0
"кафе медоборы";0
"кафе медоборы";0
"кафе севастополь на карте";0
"кафе северная севастополь";0
"кафе симферополя для дня рождения недорого";0
"кафе трава севастополь";0
"кафе эклер евпатория";10
"керчь автовокзал адрес на карте";0
"керчь ком ру новости";10
"керчь сом ру";10
"керчь ул орджоникидзе";0
"керчь шлагбаумская";0
"киевская 100 симферополь";10
"киевская 100 симферополь на карте";0
"киевская 24 ялта";0
"киевская симферополь";10
"киевский рынок";110
"кирова 2 симферополь";0
"классический торт наполеон песочный";0
"когда появился первый торт";0
"кондитерская ежики севастополь";10
"кондитерская ежики севастополь официальный";0
"кондитерская ежики севастополь официальный сайт";0
"кондитерская зебра саратов официальный сайт торт";0
"кондитерская лисенок севастополь";30
"кондитерская лисенок севастополь цены";0
"кондитерская медоборы";0
"кондитерская пчелка краснодар";0
"кондитерская фантазия севастополь";10
"кондитерская фантазия севастополь адреса";0
"кондитерские отделы фото";0
"кондитерский купить в крыму";0
"кондитерский магазин в ялте";0
"кондитерский магазин керчь";0
"кореиз магазины";0
"корзина бахчисарай";0
"корзина крым официальный сайт";0
"корзина симферополь вакансии";10
"корзина симферополь официальный сайт";0
"корзина симферополь официальный сайт акции";0
"корзина ялта акции сегодня";0
"корзина ялта официальный сайт";0
"красноперекопск автовокзал телефон";0
"крем для черного принца";10
"крем кафе на севастопольском официальный сайт";0
"крымские производители сладостей";0
"крымские сладости названия";20
"крымские сладости оптом симферополь";0
"крымские сладости официальный сайт";0
"крымские сладости симферополь магазин";0
"крымский каштан";10
"крымский каштан торт";0
"крымский каштан торт";0
"крымский каштан торт рецепт";0
"крымский рынок";10
"крымский рынок феодосия";20
"крымский рынок феодосия режим работы";0
"крымэнерго ялта адрес";0
"крымэнерго ялта официальный сайт";10
"крымэнерго ялта режим работы";0
"крымэнерго ялта телефон";20
"куйбышевский рынок";10
"куйбышевский рынок симферополь карта";10
"куйбышевское кольцо симферополь";10
"купить ай 40 крым";0
"купить в магазине победа в симферополе";0
"купить дом в симферополе москольцо";10
"купить кафе в севастополе";10
"купить лаванду в севастополе";0
"купить торт в евпатории";0
"купить торт в севастополе";0
"купить торт в феодосии";0
"купить торт в ялте";10
"лавандовое пирожное";0
"лидер севастополь официальный сайт";0
"льва толстого 22";90
"любовь и сладости адреса";30
"любовь и сладости кондитерская официальный сайт";0
"магазин детский крым";10
"магазин детский крым евпатория";10
"магазин детский крым севастополь";10
"магазин детский крым симферополь";10
"магазин детский крым ялта";0
"магазин для кондитеров медовик";0
"магазин корзина евпатория";0
"магазин медоборы симферополь";0
"магазин медоборы симферополь";0
"магазин медоборы симферополь";0
"магазин океан севастополь";10
"магазин праздника севастополь";0
"магазин сева";0
"магазин сказка севастополь";10
"магазины в гурзуфе";10
"магазины в форосе";0
"магазины в ялте на карте";0
"магазины массандра в ялте адреса";0
"магазины центральный рынок симферополь";0
"меганом график работы";0
"меганом режим работы";0
"меганом часы работы";0
"медобор торты цена";0
"медобор торты цена";0
"медобор торты цена";0
"медоборы алушта";10
"медоборы алушта";10
"медоборы алушта";10
"медоборы евпатория";20
"медоборы евпатория";20
"медоборы евпатория";20
"медоборы керчь";0
"медоборы керчь";0
"медоборы крым";10
"медоборы севастополь адреса";10
"медоборы севастополь адреса";10
"медоборы севастополь адреса";10
"медоборы севастополь адреса магазинов";0
"медоборы севастополь адреса магазинов";0
"медоборы севастополь адреса магазинов";0
"медоборы севастополь торты";10
"медоборы симферополь адреса магазинов";0
"медоборы симферополь адреса магазинов";0
"медоборы ялта";40
"медоборы ялта";40
"медоборы ялта";40
"медовый крым интернет магазин";0
"менжинского 1";0
"менжинского 1а";0
"менжинского севастополь";0
"меренга отзывы";0
"метро севастополь адрес";0
"метро севастополь каталог";10
"метро севастополь режим работы";0
"метро симферополь время работы";0
"метро симферополь режим работы";0
"мира 5а";50
"мозгобойня ялта";10
"морская 6";0
"московский рынок севастополь карта";0
"московский рынок симферополь";0
москольцо;20
"москольцо симферополь";320
"москольцо симферополь карта";20
"мотобур севастополь";0
"моя евпатория официальный сайт";10
"моя кондитерская севастополь";10
"мужской каприз с грецкими орехами торт";0
"набережная 44 симферополь карта";0
"названия тортов список по алфавиту";0
"наполеон бжу";0
"наполеон ккал";0
"наполеон торт калорийность на 100";0
"наполеон шоколадный";30
"нахимова 10";50
"нахимова 10 севастополь";0
"нахимова 10а";0
"невского 15 симферополь";0
"необычное начало";0
"новинки в кондитерском производстве 2019";0
"новогодние торты 2019";10
"новый бахчисарай вк";0
"общедоступные персональные данные это";260
"одесская 12 симферополь на карте";0
"октябрьская 12 симферополь карта";0
"октябрьское центр крыма вк";0
"октябрьской революции 28";0
"октябрьской революции 56";0
"ооо медоборы";0
"ооо медоборы";0
"острякова 192";0
"острякова севастополь";20
"официальный магазин apple в севастополе";0
"пекарня 1 симферополь";0
"пекарня no 1 улица куйбышева 21";0
"пекарня no 1 улица шевченко 76";0
"перейти в корзину";20
"пиколино севастополь вакуленчука";10
"пироги на заказ симферополь";10
"пироги севастополь";10
"пироги симферополь";10
"пироги симферополь доставка";10
"пирожное дакуаз фисташковое";0
"пирожное дамский каприз";20
"пирожное лимонное";30
"пирожное мраморное";20
"пирожное наполеон калорийность на 100 грамм";0
"пирожное сникерс калорийность";0
"пирожное тарт";10
"пирожное черный принц";20
"пирожное эклер калорийность";10
"пирожные медовые";40
"пирожные сердечки";90
"пл 50 летия ссср севастополь";0
"пл восставших севастополь";0
"пл захарова севастополь";10
"площадь 50 лет ссср севастополь";0
"площадь 50 летия севастополь";0
"площадь 50 летия ссср севастополь";0
"площадь восставших";0
"площадь восставших севастополь";30
"площадь куйбышева симферополь карта";0
"площадь московская симферополь";0
"площадь советская симферополь на карте";0
"подскажи севастополь";0
"помидоро севастополь доставка";10
"пр героев сталинграда 39";0
"пр кирова 10 симферополь";0
"пр кирова 22";0
"пр октябрьской революции";0
"пр победы 38 севастополь";0
"пр победы севастополь";10
"пр т победы 7 симферополь";0
"продажа авто в контакте в джанкое";0
"проспект героев сталинграда 39";0
"проспект кирова 22";0
"проспект октябрьской революции 56 севастополь";10
"проспект октябрьской революции 57";0
"проспект октябрьской революции 57 севастополь";0
"проспект октябрьской революции 67";0
"проспект октябрьской революции 67 севастополь";10
"проспект октябрьской революции 8 севастополь";0
"проспект победы 17";170
"проспект победы 17 севастополь";0
"проспект победы 38 севастополь";0
"пряники на заказ севастополь";0
"птичье молоко отзывы";10
"пушкинская 26";50
"пушкинская улица ялта";0
"пчелка севастополь";10
"пчелка севастополь официальный сайт";0
"пятый километр севастополь";10
"работа в севастополе сегодня";10
"работа москольцо симферополь";10
"работа на москольце симферополь";0
"радужная меренга";40
"рандом стафф розыгрыш";0
"революции 28";30
"революции 56";0
"режим работы автовокзал симферополь";0
"режим работы автовокзала евпатория";0
"режим работы ашан симферополь";10
"режим работы крымэнерго симферополь";0
"режим работы лаванды севастополь";0
"режим работы меганом симферополь";0
"режим работы рынка на фрунзе";0
"режим работы севастопольского рынка";0
"рецепт торта ай петри";10
"рецепт торта ай петри медоборы";10
"рецепт черный принц торт";20
"рынки севастополя отзывы";10
"рынки севастополя отзывы 2019";0
"рынки симферополя";30
"рынок 5 км режим работы";0
"рынок 5 км севастополь адрес";0
"рынок 5 км севастополь режим работы";0
"рынок 5км севастополь";0
"рынок алушта время работы";0
"рынок бородина симферополь";10
"рынок в алуште часы работы";0
"рынок в гурзуфе на карте";0
"рынок в евпатории время работы";0
"рынок в керчи часы работы";0
"рынок в марьино часы работы";0
"рынок в саки режим работы";0
"рынок в севастополе 5 километр";0
"рынок в симферополе";20
"рынок в феодосии адрес и часы работы";0
"рынок в феодосии адрес и часы работы";0
"рынок в феодосии режим работы";0
"рынок марьино симферополь";0
"рынок марьино часы работы";0
"рынок москольцо симферополь";0
"рынок на громова часы работы";30
"рынок пятый километр севастополь";0
"рынок севас адрес";0
"рынок севастополь москва режим работы";0
"рынок севастопольский в москве часы работы";0
"рынок сивас москва";0
"рынок феодосия часы работы";0
"рынок чайка севастополь время работы";0
"рынок чайка севастополь официальный сайт";0
"рынок чайка севастополь режим работы";0
"рынок шевченко севастополь";0
"рынок южный севастополь адрес";0
"рынок ялта время работы";0
"рынок ялты время работы";0
"саки корзина";0
"саки магазин лидер";0
"саки супермаркет корзина";0
"сафари севастополь океан";0
"сафари спорт океан";0
"сафари спорт севастополь океан";0
"сафари спорт севастополь острякова";0
"сафари спорт севастополь юмашева";0
"сафари юмашева севастополь";0
"севас крым";390
"севастополь 5 й километр";0
"севастополь генерала острякова";10
"севастополь магазин меганом";0
"севастополь нахимова";10
"севастополь октябрьской революции 67";0
"севастополь остряки";10
"севастополь победа";10
"севастополь проспект октябрьской революции 56а";0
"севастополь рынок 5 км";10
"севастополь рынок кольцо";0
"севастополь рынок москва часы работы";0
"севастополь ул вакуленчука 31";0
"севастополь ул героев сталинграда";10
"севастополь ул льва толстого";0
"севастополь ул октябрьской революции";0
"севастополь ул толстого";0
"севастополь ул челюскинцев";10
"севастополь улица бахчисарайская 56";0
"севастополь улица менжинского";0
"севастополь улица нахимова";0
"севастополь улица октябрьской революции";0
"севастополь улица шевченко";0
"севастополь цум магазины";0
"севастополь цум на карте";0
"севастополь челюскинцев 10";0
"севастополь шевченко";10
"севастопольская 20 симферополь";0
"севастопольская 21 симферополь";0
"севастопольская 32";0
"севастопольская 32 симферополь";0
"севастопольская 32 симферополь на карте";0
"севастопольская 8 симферополь";0
"севастопольская 94 симферополь карта";0
"севастопольский завод напитков официальный сайт";0
"севастопольский рынок кальяны время работы";0
"севастопольский рынок официальный сайт";0
"севастопольский рынок часы работы";0
"семейная кондитерская любовь и сладости официальный сайт";0
"сеть магазинов корзина в крыму";0
"сеть магазинов лидер севастополь";10
"сеть магазинов лидер севастополь официальный сайт";0
"сеть магазинчик крым официальный сайт";0
"симферополь автовокзал адрес";10
"симферополь бела куна";10
"симферополь восточная";10
"симферополь гагарина 8";0
"симферополь график работы";0
"симферополь киевская 5";10
"симферополь куйбышевский рынок";10
"симферополь магазин проспект";0
"симферополь москольцо купить";0
"симферополь на карте мира";10
"симферополь проспект кирова";10
"симферополь севастополь северная";10
"симферополь севастопольская";10
"симферополь ул гагарина";10
"симферополь ул гагарина 8";0
"симферополь ул желябова";10
"симферополь ул жукова 10";0
"симферополь ул невского 15";0
"симферополь ул севастопольская";10
"симферополь улица долгоруковская";0
"симферополь улица жукова";0
"симферополь улица киевская";10
"симферополь улица невского";0
"симферопольская севастополь";0
"симферопольский рынок";40
"сколько весит 1 эклер";0
"сколько весит пирожное картошка";30
"сколько весит эклер";0
"сколько весит эклер с заварным кремом";0
"сколько ккал в торте наполеон";0
"сколько ккал в эклере с заварным кремом";0
"сколько лет городу симферополю";0
"сладкий дом симферополь";10
"сладкий домик кондитерская фабрика официальный сайт";0
"сладкоежка кондитерская официальный сайт спб";0
"сладкоежка спб адреса";10
"сладкоежки минус";0
"социальный рынок севастополь";0
"спар проспект героев 72а режим работы";0
"сталинграда 39 севастополь";0
"сто 5 км севастополь";0
"стоматология на пушкинской ялта";10
"супермаркеты в севастополе 2019";0
"супермаркеты в ялте 2019 на карте";0
"таврический автовокзал номер телефона";0
"таврический торт";20
"тарт официальный сайт";50
"тарт с фруктами";30
"телефон метро севастополь";0
"тирамису классический итальянский";0
"тм крымский десерт официальный сайт";0
"тм сверху";0
"толстого 22";30
"топ 100 интернет магазин севастополь";0
"торговая сеть праздничный";0
"торговый центр метро севастополь";20
"торговый центр севастополь часы работы";0
"торт ай петри";90
"торт ай петри в домашних условиях";10
"торт ай петри медоборы";20
"торт ай петри рецепт с фото";10
"торт айпетри рецепт в домашних условиях";0
"торт али баба рецепт";0
"торт дакуаз";40
"торт джанкой";0
"торт джанкой";0
"торт каприз отзывы";0
"торт крымск";0
"торт крымский каштан медоборы";0
"торт крымский каштан медоборы";0
"торт крымский каштан медоборы";0
"торт мдм";0
"торт москва кто производит";10
"торт наполеон ккал";40
"торт наполеон углеводы";0
"торт небесный";50
"торт небесный";50
"торт севастополь";20
"торт сладкая ночь";0
"торт строй симферополь официальный сайт";0
"торт таврида";10
"торт таврический";30
"торт телефон из крема фото";0
"торт тропическая свежесть";0
"торт цветочный";20
"торт черная ночь";10
"торт черный принц метрополь";10
"торт черный принц состав";0
"торт шоколадный чизкейк";0
"тортик чизкейк";1000
"торты белая акация феодосия";0
"торты керчь";0
"торты медоборы";10
"торты медоборы";10
"торты медоборы";10
"торты медоборы";10
"торты медоборы";10
"торты медоборы";10
"торты медоборы прайс";0
"торты медоборы прайс";0
"торты медоборы прайс";0
"торты мой официальный сайт";0
"торты на заказ алушта";10
"торты на заказ в севастополе";10
"торты на заказ симферополь медоборы";10
"торты на заказ симферополь цены фото";0
"тропик 6";1300
"тц в севастополе самый большой";0
"тц каштан севастополь";0
"тц киевский севастополь";0
"тц крым ашан режим работы";0
"тц метро севастополь";20
"тц московский севастополь медицинский центр";0
"тц океан севастополь";10
"тц севастополь часы работы";20
"тц севастопольский режим работы";0
"у дома для дома торговая сеть крым";0
"ул 40 лет октября 3";0
"ул адмирала октябрьского";0
"ул александра невского 15 симферополь";0
"ул бела куна 15 симферополь";0
"ул гагарина д 17";0
"ул гагарина симферополь";0
"ул гайдара симферополь";0
"ул генерала горбачева феодосия";0
"ул героев сталинграда симферополь на карте";0
"ул долгорукова";140
"ул долгоруковская симферополь";0
"ул киевская 24";20
"ул киевская симферополь";10
"ул крымская феодосия";10
"ул лермонтова симферополь";10
"ул менжинского севастополь";0
"ул мира симферополь на карте";0
"ул московская 17";20
"ул ракитского бахчисарай";0
"ул советская 28";10
"ул фадеева 48 севастополь";10
"ул фадеева севастополь";10
"ул шевченко севастополь";10
"улица адмирала октябрьского";0
"улица адмирала октябрьского севастополь";0
"улица балаклавская 3 севастополь";0
"улица бела куна симферополь";0
"улица восставших севастополь";0
"улица гагарина 17";0
"улица гагарина симферополь";0
"улица гагарина симферополь на карте";0
"улица гайдара симферополь";0
"улица генерала горбачева феодосия";0
"улица горького 34";20
"улица громова севастополь";0
"улица желябова симферополь";10
"улица киевская симферополь";10
"улица крымская феодосия";0
"улица лермонтова симферополь";10
"улица льва толстого 22";0
"улица льва толстого севастополь";0
"улица морская ялта";10
"улица московская симферополь";0
"улица толстого севастополь";0
"улица челюскинцев севастополь";0
"фадеева 48";20
"фантазия севастополь официальный сайт";0
"феодосия крымская";0
"феодосия магазины";50
"феодосия центральный рынок часы работы";0
"фирменный магазин инкерман в симферополе";0
"фирменный магазин массандра в севастополе адреса";0
"фирменный торт";50
"фирмы тортов список";0
"фисташковый дакуаз";0
"фитнес еда севастополь официальный сайт";0
"форос вики";0
"франшизы для крыма";0
"фруктовое севастополь карта";0
"фрунзе 97 бахчисарай";0
"центральный рынок бахчисарай";0
"центральный рынок в ялте время работы";0
"центральный рынок евпатория режим работы";0
"центральный рынок керчь время работы";0
"центральный рынок севастополь режим работы";0
"центральный рынок симферополь график работы";0
"центральный рынок симферополь карта";10
"центральный рынок симферополь режим работы";10
"центральный рынок феодосия время работы";0
"центральный рынок феодосия режим работы";0
"центральный рынок ялта на карте";0
"центральный рынок ялта режим работы";0
"цены на продукты в севастополе сегодня 2019";0
"цех евпатория кафе меню";0
"цум симферополь адрес";0
"цум торты";10
"чай горячий";70
"чай с облепихой и корицей";30
"чай с ягодами смородины";20
"чай со смородиной и мятой";30
"часы работы крымэнерго симферополь";0
"часы работы меганом симферополь";0
"часы севастополь магазины";0
"челюскинцев 36 севастополь";0
"черные пирожные";10
"черный принс";2400
"черный принс торт";0
"черный принц торт на сметане";20
"чизкейк ru официальный сайт";0
"чизкейк ккал";140
"чизкейк ру акции";0
"чизкейк ру интернет";0
"чизкейк ру магазин";0
"чизкейк ру официальный сайт";0
"чизкейк ру франшиза";10
"чизкейк с фруктами";110
"чизкейк углеводы";20
"чизкейк украшение";480
"чизкейк фруктовый с желе";0
"что нового в севастополе в контакте";0
"шевченко 17 севастополь";0
"шевченко 20 севастополь";0
"шевченко 61";0
"шевченко 7 севастополь";0
"шлагбаумская 38 керчь на карте";0
"шоколадная фабрика в крыму";0
"шоколадный принц торт";30
"штрудель керчь";0
"эклер png";0
"эклер вес";20
"эклер вес";20
"эклер евпатория";10
"эклер ккал";90
"эклер со сгущенкой калорийность";30
"эклер яблоко";0
"эклеры с маскарпоне";50
"эклеры севастополь";0
"эстерхази торт википедия";0
"ялта московская 9";0
"ялта овощной рынок часы работы";0
"ялта ул киевская";10
"ялта улица пироговская";0
"яндекс работа гаспра";0
"рынок автовокзала";0
"медов крым";0
"ай любимая";0
"ванильная выпечка";0
"время тм";0
"гагарина 17 магазин";0
"гер сталинграда";10
"громовой 56";0
"день рождения вместе";0
"детский крым севастополь интернет";0
"джанкой крымская";0
"джанкой ул крымская";0
"евпатория ул дмитрия ульянова";10
"киевская севастополь";0
"лермонтов симферополь";20
"магазин грэс";0
"магазин медоборы";0
"медоборы симферополь официальный";0
"медоборы симферополь официальный";0
"медоборы симферополь официальный";0
"медоборы симферополь официальный";0
"необычный перец";0
"пав 41";0
"павильон 8";0
"пирог ай";0
"пл захарова";0
"поверхность торта";0
"пр т героев";0
"работа 5 км севастополь";0
"рынки севастополя адреса";0
"севастополь пр";0
"севастополь проспект";0
"севастопольская 70";0
"торт цум";0
"штрудель яблоко";10
"фит севастополь";0
"медовик магазин";260
"детский крым адреса";10
"км пав";0
"192 б";0
"22 симферополь";0
"40 лет 7";0
"5 й км";10
"5 пирожен";0
"крым изделия";0
"крым часы работы";0
"крымские магазины в москве адреса";0
"крымские тм";0
"куйбышева севастополь";0
"куйбышева ялта официальный сайт";0
"гор саки";210
"горбачева феодосия";0
"города победы севастополь";0
"горький алушта";0
"дм ульянова евпатория";0
"дмитрий евпатория";0
"долгоруковская симферополь";0
"евпатория улица ульянова";0
"любимый сладкоежка";0
"завершена покупка";0
"залесский рынок";0
"магазин рынок симферополь";0
"магазин симферополь проспект победы";0
"магазины в севастополе официальный сайт";0
"магазины на севастопольской симферополь";0
"магазины феодосии крымская";0
"зимнее время работы";0
"www bonus com";10
"мало ай";0
"октябрьская революция 67";0
"автостанция победа";0
"алушта хромых";0
"медоборы адрес";0
"медоборы официальный";0
"медоборы официальный";0
"медоборы официальный";0
"медоборы официальный";0
"медоборы официальный сайт";10
"медоборы сайт";10
"медовик официальный сайт";0
"армянск магазины";0
"б алушта";0
"балаклава часы работы";0
"балаклавское шоссе 5";0
"метро севастополь товары";0
"бахчисарай каталог";0
"бахчисарай меню";0
"белы куна 7";10
"белы куна симферополь";0
"торт пошаговая инструкция";0
"тортик онлайн";0
"торты каталог ценами";0
"торты краснодар официальный сайт цены";0
"торты саки";0
"тропиков 6";0
"трубочка пирожный";0
"тц южный симферополь";0
;0
"бутик симферополь";0
;0
;0
"наполеона телефон";0
"ул белы куна симферополь";0
;0
;0
;0
;0
;0
;0
;20
;0
"адм октябрьского";0
"адреса магазинов в крыму";0
;0
;10
;0
;0
;0
"г сталинграда симферополь";0
;0
;0
;0
;0
;0
"интернациональная 65";0
"калорийность кондитерских";0
;0
;0
;0
;0
"киевская 24 телефон";0
"киевский автовокзал симферополь";10
"кирова 22 2";0
;0
"кондитерские крыма";0
;0
;0
"новикова 12";0
;0
;0
"пирожные подарок";0
"пл восставших";0
;0
"пл ссср";0
"последний час работы";0
"пр античный";0
"пр евпатория";0
;0
;10
"пр т острякова";0
;0
;0
;0
;0
;0
;0
;0
;0
;0
;0
;0
;0
;0
;0
;0
;0
;0
;0
;0
;0
;0
;0
;0
;0
;0
;0
;0
;0
;0
;0
;0
;0
;0
;0
;0
;0
"собери фишки";10
;0
;0
;0
;0
;0
;0
;0
;0
;0
;0
;0
;0
